Name of Lake,Year,Min Temperature,Max Temperature,Min Dissolved Oxygen,Max Dissolved Oxygen,Min pH,Max pH,Min Conductivity,Max Conductivity,Min BOD,Max BOD
Dal lake,2024,6.590273071,29.39834978,4.214896037,8.673892981,7.509904171,8.594804732,178.4746534,412.6512016,1.562532756,3.337289554
Dal lake,2025,7.583887225,29.57091358,4.166661497,8.634350936,7.509766357,8.605694575,183.2842871,413.0085471,1.382882063,3.382869389
Dal lake,2026,7.59382975,29.79037071,4.118426957,8.607185256,7.509628542,8.617917751,183.0367881,414.4093328,1.203231371,3.429409224
Wular lake,2024,7.183028275,25.28528358,4.765998487,9.958178464,7.297319679,8.573547322,122.3711892,299.4510984,1.50407255,4.47700998
Wular lake,2025,7.27755163,25.93315519,4.620683429,10.03699508,7.30300956,8.619756491,121.9889145,301.5852175,1.47131066,4.554089547
Wular lake,2026,7.316561415,26.38427898,3.735456188,10.0964161,7.305576912,8.665166995,121.6432151,303.1356875,1.446953217,4.685228999
