Name of Lake,Year,Min Temperature,Max Temperature,Min Dissolved Oxygen,Max Dissolved Oxygen,Min pH,Max pH,Min Conductivity,Max Conductivity,Min BOD,Max BOD
Dal lake,2024,6.354461549677933,24.582020359298998,4.945550687701469,10.195916024956077,7.272697664851113,8.66199350266835,124.71620959446058,319.8141569750032,1.5858918121163599,4.537713706268341
Dal lake,2025,6.520632438361083,24.509006088301543,4.9626278362352485,10.2368548772126,7.2679460629736665,8.658997434954246,124.52679266900982,321.98723954193645,1.5502980320478326,4.525719963722143
Dal lake,2026,6.651166398490385,24.502032660303552,4.961647258544212,10.26160219830072,7.262801053950071,8.664870069134569,123.72934273683789,310.0973015874021,1.5254884042331394,4.464166365231589
